{
    "C": [
        0.1269,
        0.1292,
        0.12523948774831098,
        0.1165,
        0.119,
        0.1618594231307757,
        0.2856,
        0.2822,
        0.1977401129943503,
        0.12213895077982581,
        0.5554,
        0.3973288814691152,
        0.1487957769712966,
        0.2801,
        0.2757,
        0.566,
        0.0973,
        0.378021978021978,
        0.0907,
        0.569,
        0.5551,
        0.09627659574468085,
        0.12040441176470588,
        0.2561,
        0.2538,
        0.3046875,
        0.5372,
        0.535
    ],
    "CI": [
        0.08094736842104497,
        0.08336842105262393,
        0.0791994607876881,
        0.06999999999999224,
        0.07263157894736066,
        0.11774676119028857,
        0.10699999999996457,
        0.10274999999996437,
        0.15551590841510562,
        0.07593573766296685,
        0.11080000000000001,
        0.24666110183639217,
        0.10399555470662791,
        0.10012499999996428,
        0.09462499999996404,
        0.1319999999999999,
        0.04978947368420258,
        0.2225274725274709,
        0.042842105263149896,
        0.1379999999999999,
        0.11020000000000008,
        0.048712206047024746,
        0.0741099071207439,
        0.07012499999996306,
        0.06724999999996299,
        0.1308593750000005,
        0.07440000000000002,
        0.07000000000000006
    ],
    "CR": [
        1.0,
        1.0,
        0.9917,
        1.0,
        1.0,
        0.35695721711315476,
        1.0,
        1.0,
        0.017535169407568853,
        0.9874,
        1.0,
        0.0598940105989401,
        0.30297880847660935,
        1.0,
        1.0,
        1.0,
        1.0,
        0.04538200678236585,
        1.0,
        1.0,
        1.0,
        0.94,
        0.1088,
        1.0,
        1.0,
        0.01261208000788255,
        1.0,
        1.0
    ],
    "PC": [
        "0.13",
        "0.13",
        "0.13",
        "0.12",
        "0.12",
        "0.16",
        "0.29",
        "0.28",
        "0.2",
        "0.12",
        "0.56",
        "0.4",
        "0.15",
        "0.28",
        "0.28",
        "0.57",
        "0.097",
        "0.38",
        "0.091",
        "0.57",
        "0.56",
        "0.096",
        "0.12",
        "0.26",
        "0.25",
        "0.3",
        "0.54",
        "0.54"
    ],
    "PCI": [
        "0.081",
        "0.083",
        "0.079",
        "0.07",
        "0.073",
        "0.12",
        "0.11",
        "0.1",
        "0.16",
        "0.076",
        "0.11",
        "0.25",
        "0.1",
        "0.1",
        "0.095",
        "0.13",
        "0.05",
        "0.22",
        "0.043",
        "0.14",
        "0.11",
        "0.049",
        "0.074",
        "0.07",
        "0.067",
        "0.13",
        "0.074",
        "0.07"
    ],
    "PCR": [
        "1.0",
        "1.0",
        "0.99",
        "1.0",
        "1.0",
        "0.36",
        "1.0",
        "1.0",
        "0.018",
        "0.99",
        "1.0",
        "0.06",
        "0.3",
        "1.0",
        "1.0",
        "1.0",
        "1.0",
        "0.045",
        "1.0",
        "1.0",
        "1.0",
        "0.94",
        "0.11",
        "1.0",
        "1.0",
        "0.013",
        "1.0",
        "1.0"
    ],
    "SD": [
        1.5,
        1.5,
        1.5,
        1.5,
        1.5,
        1.5,
        1.5,
        1.5,
        1.5,
        1.5,
        1.5,
        1.5,
        1.5,
        1.5,
        1.5,
        1.5,
        1.5,
        1.5,
        1.5,
        1.5,
        1.5,
        1.5,
        1.5,
        1.5,
        1.5,
        1.5,
        1.5,
        1.5
    ],
    "alphbet": [
        [
            2,
            32
        ],
        [
            2,
            32
        ],
        [
            2,
            32
        ],
        [
            2,
            16
        ],
        [
            2,
            16
        ],
        [
            2,
            32
        ],
        [
            2,
            32
        ],
        [
            2,
            32
        ],
        [
            2,
            32
        ],
        [
            2,
            16
        ],
        [
            2,
            32
        ],
        [
            2,
            32
        ],
        [
            2,
            16
        ],
        [
            2,
            16
        ],
        [
            2,
            16
        ],
        [
            2,
            32
        ],
        [
            2,
            4
        ],
        [
            2,
            16
        ],
        [
            2,
            4
        ],
        [
            2,
            16
        ],
        [
            2,
            16
        ],
        [
            2,
            4
        ],
        [
            2,
            4
        ],
        [
            2,
            4
        ],
        [
            2,
            4
        ],
        [
            2,
            4
        ],
        [
            2,
            4
        ],
        [
            2,
            4
        ]
    ],
    "claimThresh": [
        1,
        null,
        1.1,
        null,
        1,
        1.2100000000000002,
        null,
        1,
        1.3310000000000004,
        1.1,
        null,
        1.1,
        1.2100000000000002,
        null,
        1,
        1,
        1,
        1.1,
        null,
        1,
        null,
        1.1,
        1.2100000000000002,
        null,
        1,
        1.1,
        1,
        null
    ],
    "countType": [
        "distinct",
        "distinct",
        "distinct",
        "distinct",
        "distinct",
        "distinct",
        "distinct",
        "distinct",
        "distinct",
        "distinct",
        "distinct",
        "distinct",
        "distinct",
        "distinct",
        "distinct",
        "distinct",
        "distinct",
        "distinct",
        "distinct",
        "distinct",
        "distinct",
        "distinct",
        "distinct",
        "distinct",
        "distinct",
        "distinct",
        "distinct",
        "distinct"
    ],
    "excess": [
        1.2679385446564242,
        1.234274654702208,
        1.2320738246664173,
        1.1482886300009032,
        1.1686374061950253,
        1.2256681684965662,
        1.0889512716302845,
        1.042526925205398,
        1.3581300119433544,
        1.1920500421454239,
        1.0178318473460546,
        1.10512916823171,
        1.337684268175802,
        1.0374588486520153,
        1.0469019026654751,
        1.0197341260011559,
        1.2441700155466253,
        1.1300264162019371,
        1.1782051749936133,
        1.0000228169849636,
        1.0060696610327762,
        1.2123722320015384,
        1.2520924506632036,
        1.0812106272254176,
        1.0326062581291393,
        1.109241946048949,
        1.003323734836417,
        1.0209638390737013
    ],
    "numClaimHas": [
        10000,
        10000,
        9917,
        10000,
        10000,
        3571,
        10000,
        10000,
        177,
        9874,
        10000,
        599,
        3031,
        10000,
        10000,
        10000,
        10000,
        455,
        10000,
        10000,
        10000,
        9400,
        1088,
        10000,
        10000,
        128,
        10000,
        10000
    ],
    "numUnknownVals": [
        20,
        20,
        20,
        20,
        20,
        20,
        5,
        5,
        20,
        20,
        2,
        5,
        20,
        5,
        5,
        2,
        20,
        5,
        20,
        2,
        2,
        20,
        20,
        5,
        5,
        5,
        2,
        2
    ],